ID,Name,hit0_Radius,hit1_Radius,hit2_Radius,hit3_Radius,knockbackDist,hitStopTime,spEffectId0,spEffectId1,spEffectId2,spEffectId3,spEffectId4,hit0_DmyPoly1,hit1_DmyPoly1,hit2_DmyPoly1,hit3_DmyPoly1,hit0_DmyPoly2,hit1_DmyPoly2,hit2_DmyPoly2,hit3_DmyPoly2,blowingCorrection,atkPhysCorrection,atkMagCorrection,atkFireCorrection,atkThunCorrection,atkStamCorrection,guardAtkRateCorrection,guardBreakCorrection,atkThrowEscapeCorrection,atkSuperArmorCorrection,atkPhys,atkMag,atkFire,atkThun,atkStam,guardAtkRate,guardBreakRate,atkSuperArmor,atkThrowEscape,atkObj,guardStaminaCutRate,guardRate,throwTypeId,hit0_hitType,hit1_hitType,hit2_hitType,hit3_hitType,hti0_Priority,hti1_Priority,hti2_Priority,hti3_Priority,dmgLevel,mapHitType,guardCutCancelRate,atkAttribute,spAttribute,atkType,atkMaterial,atkSize,defMaterial,defSfxMaterial,hitSourceType,throwFlag,disableGuard,disableStaminaAttack,disableHitSpEffect,IgnoreNotifyMissSwingForAI,repeatHitSfx,isArrowAtk,isGhostAtk,isDisableNoDamage,pad,
12000,召喚1,0,0,0,0,2,0,0,0,0,0,0,0,0,0,0,0,0,0,0,0,100,100,100,100,100,0,0,0,0,0,310,0,0,150,100,0,90,0,80,0,0,0,0,0,0,0,0,0,0,0,9,0,0,4,3,0,6,0,0,0,0,0,0,0,0,0,0,0,0,0,0
12001,召喚1_共鳴LV1,0,0,0,0,2,0,0,0,0,0,0,0,0,0,0,0,0,0,0,0,100,100,100,100,100,0,0,0,0,0,320,0,0,150,100,0,90,0,80,0,0,0,0,0,0,0,0,0,0,0,9,0,0,4,3,0,6,0,0,0,0,0,0,0,0,0,0,0,0,0,0
12002,召喚1_共鳴LV2,0,0,0,0,2,0,0,0,0,0,0,0,0,0,0,0,0,0,0,0,100,100,100,100,100,0,0,0,0,0,330,0,0,150,100,0,90,0,80,0,0,0,0,0,0,0,0,0,0,0,9,0,0,4,3,0,6,0,0,0,0,0,0,0,0,0,0,0,0,0,0
12003,召喚1_共鳴LV3,0,0,0,0,2,0,0,0,0,0,0,0,0,0,0,0,0,0,0,0,100,100,100,100,100,0,0,0,0,0,340,0,0,150,100,0,90,0,80,0,0,0,0,0,0,0,0,0,0,0,9,0,0,4,3,0,6,0,0,0,0,0,0,0,0,0,0,0,0,0,0
12010,召喚2,0,0,0,0,2,0,0,0,0,0,0,0,0,0,0,0,0,0,0,0,100,100,100,100,100,0,0,0,0,0,375,0,0,150,100,0,120,0,80,0,0,0,0,0,0,0,0,0,0,0,9,0,0,4,3,0,6,0,0,0,0,0,0,0,0,0,0,0,0,0,0
12011,召喚2_共鳴LV1,0,0,0,0,2,0,0,0,0,0,0,0,0,0,0,0,0,0,0,0,100,100,100,100,100,0,0,0,0,0,385,0,0,150,100,0,120,0,80,0,0,0,0,0,0,0,0,0,0,0,9,0,0,4,3,0,6,0,0,0,0,0,0,0,0,0,0,0,0,0,0
12012,召喚2_共鳴LV2,0,0,0,0,2,0,0,0,0,0,0,0,0,0,0,0,0,0,0,0,100,100,100,100,100,0,0,0,0,0,395,0,0,150,100,0,120,0,80,0,0,0,0,0,0,0,0,0,0,0,9,0,0,4,3,0,6,0,0,0,0,0,0,0,0,0,0,0,0,0,0
12013,召喚2_共鳴LV3,0,0,0,0,2,0,0,0,0,0,0,0,0,0,0,0,0,0,0,0,100,100,100,100,100,0,0,0,0,0,405,0,0,150,100,0,120,0,80,0,0,0,0,0,0,0,0,0,0,0,9,0,0,4,3,0,6,0,0,0,0,0,0,0,0,0,0,0,0,0,0
21000,火炎放射,0,0,0,0,0,0,0,0,0,0,0,0,0,0,0,0,0,0,0,0,100,100,100,100,100,0,0,0,0,0,0,80,0,0,100,0,0,0,20,0,0,0,0,0,0,0,0,0,0,0,0,0,0,4,2,0,0,0,0,0,0,0,0,0,0,0,0,0,0,0,0
