ID,Name,iconId,conditionHp,effectEndurance,motionInterval,maxHpRate,maxMpRate,maxStaminaRate,slashDamageCutRate,blowDamageCutRate,thrustDamageCutRate,neutralDamageCutRate,magicDamageCutRate,fireDamageCutRate,thunderDamageCutRate,physicsAttackRate,magicAttackRate,fireAttackRate,thunderAttackRate,physicsAttackPowerRate,magicAttackPowerRate,fireAttackPowerRate,thunderAttackPowerRate,physicsAttackPower,magicAttackPower,fireAttackPower,thunderAttackPower,physicsDiffenceRate,magicDiffenceRate,fireDiffenceRate,thunderDiffenceRate,physicsDiffence,magicDiffence,fireDiffence,thunderDiffence,NoGuardDamageRate,vitalSpotChangeRate,normalSpotChangeRate,maxHpChangeRate,behaviorId,changeHpRate,changeHpPoint,changeMpRate,changeMpPoint,mpRecoverChangeSpeed,changeStaminaRate,changeStaminaPoint,staminaRecoverChangeSpeed,magicEffectTimeChange,insideDurability,maxDurability,staminaAttackRate,poizonAttackPower,registIllness,registBlood,registCurse,fallDamageRate,soulRate,equipWeightChangeRate,allItemWeightChangeRate,soul,animIdOffset,haveSoulRate,targetPriority,sightSearchEnemyCut,hearingSearchEnemyCut,grabityRate,registPoizonChangeRate,registIllnessChangeRate,registBloodChangeRate,registCurseChangeRate,soulStealRate,lifeReductionRate,hpRecoverRate,replaceSpEffectId,cycleOccurrenceSpEffectId,atkOccurrenceSpEffectId,guardDefFlickPowerRate,guardStaminaCutRate,rayCastPassedTime,changeSuperArmorPoint,bowDistRate,spCategory,categoryPriority,saveCategory,changeMagicSlot,changeMiracleSlot,heroPointDamage,defFlickPower,flickDamageCutRate,bloodDamageRate,dmgLv_None,dmgLv_S,dmgLv_M,dmgLv_L,dmgLv_BlowM,dmgLv_Push,dmgLv_Strike,dmgLv_BlowS,dmgLv_Min,dmgLv_Uppercut,dmgLv_BlowLL,dmgLv_Breath,atkAttribute,spAttribute,stateInfo,wepParamChange,moveType,lifeReductionType,throwCondition,addBehaviorJudgeId_condition,addBehaviorJudgeId_add,effectTargetSelf,effectTargetFriend,effectTargetEnemy,effectTargetPlayer,effectTargetAI,effectTargetLive,effectTargetGhost,effectTargetWhiteGhost,effectTargetBlackGhost,effectTargetAttacker,dispIconNonactive,useSpEffectEffect,bAdjustMagicAblity,bAdjustFaithAblity,bGameClearBonus,magParamChange,miracleParamChange,clearSoul,requestSOS,requestBlackSOS,requestForceJoinBlackSOS,requestKickSession,requestLeaveSession,requestNpcInveda,noDead,bCurrHPIndependeMaxHP,corrosionIgnore,sightSearchCutIgnore,hearingSearchCutIgnore,antiMagicIgnore,fakeTargetIgnore,fakeTargetIgnoreUndead,fakeTargetIgnoreAnimal,grabityIgnore,disablePoison,disableDisease,disableBlood,disableCurse,enableCharm,enableLifeTime,hasTarget,isFireDamageCancel,isExtendSpEffectLife,requestLeaveColiseumSession,pad_2,vowType0,vowType1,vowType2,vowType3,vowType4,vowType5,vowType6,vowType7,vowType8,vowType9,vowType10,vowType11,vowType12,vowType13,vowType14,vowType15,pad1
2040,White Seance Ring,-1,-1,-1,1,1,1,1,1,1,1,1,1,1,1,1,1,1,1,1,1,1,1,0,0,0,0,1,1,1,1,0,0,0,0,0,-1,-1,0,-1,0,-4,0,0,0,0,0,0,0,0,0,1,0,0,0,0,1,1,1,1,0,0,1,0,0,0,1,1,1,1,1,1,1,1,-1,-1,-1,1,1,-1,0,0,0,0,-1,1,0,0,0,0,100,0,0,0,0,0,0,0,0,0,0,0,0,0,0,50,0,0,0,0,-1,0,1,1,1,1,1,1,1,0,0,0,0,1,0,0,0,0,0,0,0,0,0,0,0,0,0,0,0,0,0,0,0,0,0,0,0,0,0,0,0,0,0,0,0,0,0,1,1,1,1,1,1,1,1,1,1,1,1,1,1,1,1,[0|0|0|0|0|0|0|0|0|0|0]
2060,Dusk Crown Ring,-1,-1,-1,0,0.75,1,1,1,1,1,1,1,1,1,1,1,1,1,1,1,1,1,0,0,0,0,1,1,1,1,0,0,0,0,0,-1,-1,0,-1,0,0,0,0,0,0,0,0,0,0,0,1,0,0,0,0,1,1,1,1,0,0,1,0,0,0,1,1,1,1,1,1,1,1,-1,-1,-1,1,1,-1,0,0,0,0,-1,0,0,0,0,0,100,0,0,0,0,0,0,0,0,0,0,0,0,0,0,194,0,0,0,0,-1,0,1,1,1,1,1,1,1,0,0,0,0,0,0,0,0,0,0,0,0,0,0,0,0,0,0,1,0,0,0,0,0,0,0,0,0,0,0,0,0,0,0,0,0,0,0,1,1,1,1,1,1,1,1,1,1,1,1,1,1,1,1,[0|0|0|0|0|0|0|0|0|0|0]
2140,Ring of the Sun Princess,5004,-1,-1,1,1,1,1,1,1,1,1,1,1,1,1,1,1,1,1,1,1,1,0,0,0,0,1,1,1,1,0,0,0,0,0,-1,-1,0,-1,0,0,0,0,0,0,0,0,0,0,0,1,0,0,0,0,1,1,1,1,0,0,1,0,0,0,1,1,1,1,1,1,1,1,-1,6951,-1,1,1,-1,0,0,0,0,-1,0,0,0,0,0,100,0,0,0,0,0,0,0,0,0,0,0,0,0,0,169,0,0,0,0,-1,0,1,1,1,1,1,1,1,0,0,0,0,0,0,0,0,0,0,0,0,0,0,0,0,0,0,0,0,0,0,0,0,0,0,0,0,0,0,0,0,0,0,0,0,0,0,1,1,1,1,1,1,1,1,1,1,1,1,1,1,1,1,[0|0|0|0|0|0|0|0|0|0|0]
2190,Old Witch's Ring,-1,10,-1,120,1,1,1,1,1,1,1,1,1,1,1,1,1,1,1,1,1,1,0,0,0,0,1,1,1,1,0,0,0,0,0,-1,-1,0,-1,0,0,0,0,0,0,0,0,0,0,0,1,0,0,0,0,1,1,1,1,0,0,1,0,0,0,1,1,1,1,1,1,1,1,-1,2244,-1,1,1,-1,0,0,0,0,-1,0,0,0,0,0,100,0,0,0,0,0,0,0,0,0,0,0,0,0,0,0,0,0,0,0,-1,0,1,1,1,1,1,1,1,0,0,0,0,0,0,0,0,0,0,0,0,0,0,0,0,0,0,0,0,0,0,0,0,0,0,0,0,0,0,0,0,0,0,0,0,0,0,1,1,1,1,1,1,1,1,1,1,1,1,1,1,1,1,[0|0|0|0|0|0|0|0|0|0|0]
2200,Covenant of Artorias,5014,-1,-1,0,1,1,1,1,1,1,1,1,1,1,1,1,1,1,1,1,1,1,0,0,0,0,1,1,1,1,0,0,0,0,0,-1,-1,0,-1,0,0,0,0,0,0,0,40,0,0,0,1,0,0,0,0,1,1,1,1,0,0,1,0,0,0,1,1,1,1,1,1,1,1,-1,2201,-1,1,1,-1,0,0,0,0,-1,0,0,0,0,0,100,0,0,0,0,0,0,0,0,0,0,0,0,0,0,0,0,0,0,0,-1,0,1,1,1,1,1,1,1,0,0,0,0,0,0,0,0,0,0,0,0,0,0,0,0,0,0,0,0,0,0,0,0,0,0,0,0,0,0,0,0,0,0,0,0,0,0,1,1,1,1,1,1,1,1,1,1,1,1,1,1,1,1,[0|0|0|0|0|0|0|0|0|0|0]
2201,Covenant of Artorias (stamina buff),5001,50,1,0,1,1,1,1,1,1,1,1,1,1,1,1,1,1,1,1,1,1,0,0,0,0,1,1,1,1,0,0,0,0,0,-1,-1,0,-1,0,0,0,0,0,0,0,40,0,0,0,1,0,0,0,0,1,1,1,1,0,0,1,0,0,0,1,1,1,1,1,1,1,1,-1,-1,-1,1,1,-1,0,0,0,0,-1,0,0,0,0,0,100,0,0,0,0,0,0,0,0,0,0,0,0,0,0,75,0,0,0,0,-1,0,1,1,1,1,1,1,1,0,0,0,0,1,0,0,0,0,0,0,0,0,0,0,0,0,0,0,0,0,0,0,0,0,0,0,0,0,0,0,0,0,0,0,0,0,0,1,1,1,1,1,1,1,1,1,1,1,1,1,1,1,1,[0|0|0|0|0|0|0|0|0|0|0]
2210,Orange Charred Ring,5015,-1,-1,0,1,1,1,1,1,1,1,1,0.5,1,1,1,1,1,1,1,1.2,1,0,0,80,0,1,1,1,1,0,0,0,0,0,-1,-1,0,-1,0,0,0,0,0,0,0,0,0,0,0,1,0,0,0,0,1,1,1,1,0,0,1,0,0,0,1,1,1,1,1,1,1,1,-1,-1,-1,1,1,-1,0,0,1002,1,-1,0,0,0,0,0,100,0,0,0,0,0,0,0,0,0,0,0,0,0,0,71,3,0,0,0,-1,0,1,1,1,1,1,1,1,0,0,0,0,0,0,0,0,1,0,0,0,0,0,0,0,0,0,0,0,0,0,0,0,0,0,0,0,0,0,0,0,0,0,0,0,0,0,1,1,1,1,1,1,1,1,1,1,1,1,1,1,1,1,[0|0|0|0|0|0|0|0|0|0|0]
2241,Ring of the Evil Eye [DeathOccurance],-1,-1,0.5,1,1,1,1,1,1,1,1,1,1,1,1,1,1,1,1,1,1,1,0,0,0,0,1,1,1,1,0,0,0,0,0,-1,-1,0,-1,0,-50,0,0,0,0,0,0,0,0,0,1,0,0,0,0,1,1,1,1,0,0,1,0,0,0,1,1,1,1,1,1,1,1,-1,-1,-1,1,1,-1,0,0,0,0,-1,0,0,0,0,0,100,0,0,0,0,0,0,0,0,0,0,0,0,0,0,0,0,0,0,0,-1,0,1,1,1,1,1,1,1,0,0,1,0,0,0,0,0,0,0,0,0,0,0,0,0,0,0,0,0,0,0,0,0,0,0,0,0,0,0,0,0,0,0,0,0,0,0,1,1,1,1,1,1,1,1,1,1,1,1,1,1,1,1,[0|0|0|0|0|0|0|0|0|0|0]
2243,Old Witch's Ring [Humanity Regen],-1,10,1.00E-05,0,1,1,1,1,1,1,1,1,1,1,1,1,1,1,1,1,1,1,0,0,0,0,1,1,1,1,0,0,0,0,0,-1,-1,0,-1,0,0,0,0,0,0,0,0,0,0,0,1,0,0,0,0,1,1,1,1,0,0,1,0,0,0,1,1,1,1,1,1,1,1,-1,-1,-1,1,1,-1,0,0,0,0,-1,0,0,-1,0,0,100,0,0,0,0,0,0,0,0,0,0,0,0,0,0,0,0,0,0,0,-1,0,1,1,1,1,1,1,1,0,0,0,0,0,0,0,0,0,0,0,0,0,0,0,0,0,0,0,0,0,0,0,0,0,0,0,0,0,0,0,0,0,0,0,0,0,0,1,1,1,1,1,1,1,1,1,1,1,1,1,1,1,1,[0|0|0|0|0|0|0|0|0|0|0]
2244,Old Witch's Ring [Humanity Regen 2],-1,10,120,122,1,1,1,1,1,1,1,1,1,1,1,1,1,1,1,1,1,1,0,0,0,0,1,1,1,1,0,0,0,0,0,-1,-1,0,-1,0,0,0,0,0,0,0,0,0,0,0,1,0,0,0,0,1,1,1,1,0,0,1,0,0,0,1,1,1,1,1,1,1,1,2243,-1,-1,1,1,-1,0,0,0,0,-1,0,0,0,0,0,100,0,0,0,0,0,0,0,0,0,0,0,0,0,0,0,0,0,0,0,-1,0,1,1,1,1,1,1,1,0,0,0,0,0,0,0,0,0,0,0,0,0,0,0,0,0,0,0,0,0,0,0,0,0,0,0,0,0,0,0,0,0,0,0,0,0,0,1,1,1,1,1,1,1,1,1,1,1,1,1,1,1,1,[0|0|0|0|0|0|0|0|0|0|0]
2270,East Wood Grain Ring,5013,-1,-1,1,1,1,1,1,1,1,1,1,1,1,1,1,1,1,1,1,1,1,0,0,0,0,1,1,1,1,0,0,0,0,0,-1,-1,0,-1,0,0,0,0,0,0,0,0,0,0,0,1,0,0,0,0,1,1,1,1,0,0,1,0,0,0,1,1,1,1,1,1,1,1,-1,2272,-1,1,1,-1,0,0,0,0,-1,0,0,0,0,0,100,0,0,0,0,0,0,0,0,0,0,0,0,0,0,0,0,0,0,0,-1,0,1,1,1,1,1,1,1,0,0,0,0,0,0,0,0,0,0,0,0,0,0,0,0,0,0,0,0,0,0,0,0,0,0,0,0,0,0,0,0,0,0,0,0,0,0,1,1,1,1,1,1,1,1,1,1,1,1,1,1,1,1,[0|0|0|0|0|0|0|0|0|0|0]
2272,East Wood Grain Ring (durability regen),5013,-1,0.5,1,1,1,1,1,1,1,1,1,1,1,1,1,1,1,1,1,1,1,0,0,0,0,1,1,1,1,0,0,0,0,0,-1,-1,0,-1,0,0,0,0,0,0,0,0,0,-3,0,1,0,0,0,0,1,1,1,1,0,0,1,0,0,0,1,1,1,1,1,1,1,1,-1,-1,-1,1,1,-1,0,0,0,0,-1,0,0,0,0,0,100,0,0,0,0,0,0,0,0,0,0,0,0,0,0,146,1,0,0,0,-1,0,1,1,1,1,1,1,1,0,0,0,0,1,0,0,0,0,0,0,0,0,0,0,0,0,0,0,0,0,0,0,0,0,0,0,0,0,0,0,0,0,0,0,0,0,0,1,1,1,1,1,1,1,1,1,1,1,1,1,1,1,1,[0|0|0|0|0|0|0|0|0|0|0]
2290,Blue Tearstone Ring,5005,35,-1,0,1,1,1,1,1,1,1,1,1,1,1,1,1,1,1,1,1,1,0,0,0,0,1.5,1.5,1.5,1.5,0,0,0,0,0,-1,-1,0,-1,0,0,0,0,0,0,0,0,0,0,0,1,0,0,0,0,1,1,1,1,0,0,1,0,0,0,1,1,1,1,1,1,1,1,-1,-1,-1,1,1,-1,0,0,0,0,-1,0,0,0,0,0,100,0,0,0,0,0,0,0,0,0,0,0,0,0,0,48,3,0,0,0,-1,0,1,1,1,1,1,1,1,0,0,0,0,1,0,0,0,0,0,0,0,0,0,0,0,0,0,0,0,0,0,0,0,0,0,0,0,0,0,0,0,0,0,0,0,0,0,1,1,1,1,1,1,1,1,1,1,1,1,1,1,1,1,[0|0|0|0|0|0|0|0|0|0|0]
2310,Darkmoon Seance Ring,-1,-1,-1,0,1,1,1,1,1,1,1,0.3,1,1,1,1,1,1,1,1,1,1,0,0,0,0,1,1,1,1,0,0,0,0,0,-1,-1,0,-1,0,0,0,0,0,0,0,0,0,0,0,1,0,0,0,0,1,1,1,1,0,0,1,0,0,0,1,1,1,1,1,1,1,1,-1,-1,-1,1,1.2,-1,0,0,0,0,-1,1,0,0,0,0,100,0,0,0,0,0,0,0,0,0,0,0,0,0,0,158,2,0,0,0,-1,0,1,1,1,1,1,1,1,0,0,0,0,1,0,0,0,0,0,0,0,0,0,0,0,0,0,0,0,0,0,0,0,0,0,0,0,0,0,0,0,0,0,0,0,0,0,1,1,1,1,1,1,1,1,1,1,1,1,1,1,1,1,[0|0|0|0|0|0|0|0|0|0|0]
2340,Tiny Being's Ring,-1,-1,-1,0,1.05,1,1,1,1,1,1,1,1,1,1,1,1,1,1,1,1,1,0,0,0,0,1,1,1,1,0,0,0,0,0,-1,-1,0,-1,0,0,0,0,0,0,0,0,0,0,0,1,0,0,0,0,1,1,1,1,0,0,1,0,0,0,1,1,1,1,1,1,1,1.1,-1,-1,-1,1,1,-1,0,0,0,0,-1,0,0,0,0,0,100,0,0,0,0,0,0,0,0,0,0,0,0,0,0,0,0,0,0,0,-1,0,1,1,1,1,1,1,1,0,0,0,0,0,0,0,0,0,0,0,0,0,0,0,0,0,0,1,0,0,0,0,0,0,0,0,0,0,0,0,0,0,0,0,0,0,0,1,1,1,1,1,1,1,1,1,1,1,1,1,1,1,1,[0|0|0|0|0|0|0|0|0|0|0]
2350,Calamity Ring,-1,-1,-1,0,1,1,1,2,2,2,2,2,2,2,1,1,1,1,1,1,1,1,0,0,0,0,1,1,1,1,0,0,0,0,0,-1,-1,0,-1,0,0,0,0,0,0,0,0,0,0,0,1,0,0,0,0,1,1,1,1,0,0,1,0,0,0,1.25,1,1,1,1,1,1,1,-1,-1,-1,1,1,-1,0,0,0,0,-1,0,0,0,0,0,100,0,0,0,0,0,0,0,0,0,0,0,0,0,0,237,0,0,0,0,-1,0,1,1,1,1,1,1,1,0,0,0,0,1,0,0,0,0,0,0,0,0,0,0,0,0,0,0,0,0,0,0,0,0,0,0,0,0,0,0,0,0,0,0,0,0,0,1,1,1,1,1,1,1,1,1,1,1,1,1,1,1,1,[0|0|0|0|0|0|0|0|0|0|0]
6951,Sunlight Effect (sun princess ring),-1,-1,1,0,1,1,1,1,1,1,1,1,1,1,1,1,1,1,1,1,1,1,0,0,0,0,1,1,1,1,0,0,0,0,0,-1,-1,0,-1,0,0,0,0,0,0,0,0,0,0,0,1,0,0,0,0,1,1,1,1,0,0,1,0,0,0,1,1,1,1,1,1,1,1,-1,-1,-1,1,1,-1,0,0,20,0,-1,0,0,0,0,0,100,0,0,0,0,0,0,0,0,0,0,0,0,0,0,147,3,0,0,0,-1,0,1,1,1,1,1,1,1,0,0,0,0,1,0,0,0,0,0,0,0,0,0,0,0,0,0,0,0,0,0,0,0,0,0,0,0,0,0,0,0,0,0,0,0,0,0,1,1,1,1,1,1,1,1,1,1,1,1,1,1,1,1,[0|0|0|0|0|0|0|0|0|0|0]
